{
  "postcss.config.mjs": 1776363108.644552,
  "next.config.js": 1776365274.0013173,
  "next-env.d.ts": 1776363496.4167502,
  "app/layout.tsx": 1776373665.0234425,
  "app/page.tsx": 1776373697.58382,
  "app/products/page.tsx": 1776373746.7921214,
  "app/products/[id]/page.tsx": 1776373773.604697,
  "app/checkout/page.tsx": 1776373802.784676,
  "components/Navbar.tsx": 1776373704.9225597,
  "components/CartSidebar.tsx": 1776373739.9316888,
  "components/ProductCard.tsx": 1776373718.6408253,
  "components/Footer.tsx": 1776373713.6264193,
  "lib/products.ts": 1776373660.295357,
  "lib/store.ts": 1776363189.2843854,
  "README.md": 1776363108.6442468,
  "AGENTS.md": 1776363136.8937778,
  "CLAUDE.md": 1776753248.2896354,
  "public/file.svg": 1776363108.6441553,
  "public/vercel.svg": 1776363108.6448824,
  "public/next.svg": 1776363108.6448104,
  "public/globe.svg": 1776363108.6448543,
  "public/window.svg": 1776363108.6450074
}